{
  "analysis_type": "TCJA 2017 Analysis",
  "graph_statistics": {
    "nodes": 4,
    "edges": 2,
    "node_types": 2,
    "edge_types": 2
  },
  "performance_metrics": {
    "total_time": 0.015653133392333984,
    "operation_metrics": {
      "entity_creation": {
        "operation_count": 1,
        "total_duration": 0.01265096664428711,
        "min_duration": 0.01265096664428711,
        "max_duration": 0.01265096664428711,
        "avg_duration": 0.01265096664428711,
        "success_count": 1,
        "error_count": 0,
        "success_rate": 1.0,
        "last_execution": 1752209969.4910154
      },
      "first_centrality_query": {
        "operation_count": 1,
        "total_duration": 0.0005898475646972656,
        "min_duration": 0.0005898475646972656,
        "max_duration": 0.0005898475646972656,
        "avg_duration": 0.0005898475646972656,
        "success_count": 1,
        "error_count": 0,
        "success_rate": 1.0,
        "last_execution": 1752209969.4919286
      },
      "cached_centrality_query": {
        "operation_count": 1,
        "total_duration": 0.00021219253540039062,
        "min_duration": 0.00021219253540039062,
        "max_duration": 0.00021219253540039062,
        "avg_duration": 0.00021219253540039062,
        "success_count": 1,
        "error_count": 0,
        "success_rate": 1.0,
        "last_execution": 1752209969.4921482
      },
      "graph_save": {
        "operation_count": 1,
        "total_duration": 0.0011904239654541016,
        "min_duration": 0.0011904239654541016,
        "max_duration": 0.0011904239654541016,
        "avg_duration": 0.0011904239654541016,
        "success_count": 1,
        "error_count": 0,
        "success_rate": 1.0,
        "last_execution": 1752209969.493408
      },
      "policy_analysis": {
        "operation_count": 1,
        "total_duration": 0.0005357265472412109,
        "min_duration": 0.0005357265472412109,
        "max_duration": 0.0005357265472412109,
        "avg_duration": 0.0005357265472412109,
        "success_count": 1,
        "error_count": 0,
        "success_rate": 1.0,
        "last_execution": 1752209969.4939792
      }
    },
    "first_query_time": 0.0005898475646972656,
    "cached_query_time": 0.00021219253540039062,
    "cache_speedup": "2.8x"
  },
  "entities_created": {
    "irs": "dd706057-fec7-49a1-b2fe-106b01aed91b",
    "treasury": "42ce9146-5998-49f5-af52-568fa48775c0",
    "tcja_policy": "520b757f-99d1-45f3-be9f-ba1befecdc4a",
    "middle_class": "3dd2949c-49c5-4708-a1c0-b80275181361"
  },
  "analysis_results": {
    "centrality_analysis": 4,
    "policy_impact": "PolicyImpactAnalysis(policy_id='520b757f-99d1-45f3-be9f-ba1befecdc4a', total_affected_nodes=1, affected_actors=['3dd2949c-49c5-4708-a1c0-b80275181361'], affected_institutions=[], affected_resources=[], network_metrics={'density': 0.5, 'centrality': 0.0}, impact_radius=2)",
    "network_structure": "Analysis completed"
  }
}