{
  "demo_summary": {
    "title": "Complex Policy Analysis Demo",
    "description": "Demonstration of advanced SFM-Graph-Service features",
    "execution_time": 0.02122354507446289
  },
  "graph_statistics": {
    "total_nodes": 7,
    "total_edges": 4,
    "actors": 5,
    "policies": 2,
    "relationships": 4
  },
  "entities_created": {
    "tcja_network": {
      "irs": "759d168e-dbb6-4d0a-bca8-3b6897af6714",
      "treasury": "f19e48c1-1ba7-48d1-9583-707bc0d93cb5",
      "tcja_policy": "eb6b6d65-ada8-47d1-89c5-c78deb69855d",
      "middle_class": "0dbb8667-5699-4fec-b508-40c09240884f"
    },
    "aca_network": {
      "cms": "fab9f6dc-9e9c-47e3-a305-f58265019872",
      "aca_policy": "7da542be-dae8-44b2-91f6-034f8d0743db",
      "uninsured": "cbf16cb0-7f74-4afc-908f-ad30b1393c3a"
    }
  },
  "advanced_features_demonstrated": {
    "graph_persistence": {
      "formats_supported": 3,
      "persistence_stats": {
        "json": {
          "file_size_bytes": 5538,
          "save_time": 0.0012500286102294922
        },
        "pickle": {
          "file_size_bytes": 4178,
          "save_time": 0.0009703636169433594
        },
        "json.gz": {
          "file_size_bytes": 1326,
          "save_time": 0.0013113021850585938
        }
      }
    },
    "performance_monitoring": {
      "operations_tracked": 5,
      "metrics": {
        "entity_creation": {
          "operation_count": 1,
          "total_duration": 0.015964746475219727,
          "min_duration": 0.015964746475219727,
          "max_duration": 0.015964746475219727,
          "avg_duration": 0.015964746475219727,
          "success_count": 1,
          "error_count": 0,
          "success_rate": 1.0,
          "last_execution": 1752208721.8415332
        },
        "complex_analysis": {
          "operation_count": 1,
          "total_duration": 0.0015399456024169922,
          "min_duration": 0.0015399456024169922,
          "max_duration": 0.0015399456024169922,
          "avg_duration": 0.0015399456024169922,
          "success_count": 1,
          "error_count": 0,
          "success_rate": 1.0,
          "last_execution": 1752208721.8431063
        },
        "persistence_json": {
          "operation_count": 1,
          "total_duration": 0.0012500286102294922,
          "min_duration": 0.0012500286102294922,
          "max_duration": 0.0012500286102294922,
          "avg_duration": 0.0012500286102294922,
          "success_count": 1,
          "error_count": 0,
          "success_rate": 1.0,
          "last_execution": 1752208721.844407
        },
        "persistence_pickle": {
          "operation_count": 1,
          "total_duration": 0.0009703636169433594,
          "min_duration": 0.0009703636169433594,
          "max_duration": 0.0009703636169433594,
          "avg_duration": 0.0009703636169433594,
          "success_count": 1,
          "error_count": 0,
          "success_rate": 1.0,
          "last_execution": 1752208721.8453915
        },
        "persistence_json.gz": {
          "operation_count": 1,
          "total_duration": 0.0013113021850585938,
          "min_duration": 0.0013113021850585938,
          "max_duration": 0.0013113021850585938,
          "avg_duration": 0.0013113021850585938,
          "success_count": 1,
          "error_count": 0,
          "success_rate": 1.0,
          "last_execution": 1752208721.8467178
        }
      }
    },
    "complex_analytics": {
      "centrality_analysis": "completed",
      "tcja_policy_impact": "PolicyImpactAnalysis(policy_id='eb6b6d65-ada8-47d1-89c5-c78deb69855d', total_affected_nodes=1, affected_actors=['0dbb8667-5699-4fec-b508-40c09240884f'], affected_institutions=[], affected_resources=[], network_metrics={'density': 0.5, 'centrality': 0.0}, impact_radius=2)",
      "aca_policy_impact": "PolicyImpactAnalysis(policy_id='7da542be-dae8-44b2-91f6-034f8d0743db', total_affected_nodes=1, affected_actors=['cbf16cb0-7f74-4afc-908f-ad30b1393c3a'], affected_institutions=[], affected_resources=[], network_metrics={'density': 0.5, 'centrality': 0.0}, impact_radius=2)"
    },
    "security_validation": "All inputs validated and sanitized",
    "high_level_service": "Used SFMService facade for all operations",
    "caching": "Built-in query caching active"
  },
  "technical_metrics": {
    "entity_creation_time": 0.015964746475219727,
    "analysis_time": 0.0015399456024169922,
    "total_execution_time": 0.021241188049316406
  }
}